,ID,AUTHOR_NAME,DATE,DOMAIN,EDITED,FETCHED,GILDED,HAS_MEDIA,IS_SELF,MONTH,NUM_COM_FOUND,NUM_COM_LISTED,OVER_18,PERMALINK,SCORE,STICKIED,SUBREDDIT,SUCCESS,TITLE,XML_PATH,YEAR,CORPUS_FN,SUBCORPUS,SELF_WC,COM_WC,COM_MEAN_WC,COM_SC,COM_MEAN_SC,WC,MEAN_WC
0,55f9g9,msl_atl,2016-10-01,hawksontopweb.wordpress.com,0.0,2017-01-09,0.0,,0.0,10.0,1.0,1.0,0.0,/r/AtlantaHawks/comments/55f9g9/an_open_practice_makes_perfect_blog/,19.0,0.0,atlantahawks,1.0,An open practice makes perfect (blog),atlantahawks/2016/2016-10-01/atlantahawks_2016-10-01_55f9g9.xml,2016.0,corpus_atlantahawks_2016.0-10.0.xml,atlantahawks_2016-10,0,8,8.0,1,1.0,8,4.0
1,55f83p,yungjaymack,2016-10-01,twitter.com,0.0,2017-01-09,0.0,,0.0,10.0,1.0,1.0,0.0,/r/AtlantaHawks/comments/55f83p/reminder_part_2/,24.0,0.0,atlantahawks,1.0,Reminder... (Part 2),atlantahawks/2016/2016-10-01/atlantahawks_2016-10-01_55f83p.xml,2016.0,corpus_atlantahawks_2016.0-10.0.xml,atlantahawks_2016-10,0,3,3.0,1,1.0,3,1.5
2,55ddfy,yungjaymack,2016-10-01,facebook.com,0.0,2017-01-09,0.0,"{'type': 'facebook.com', 'oembed': {'provider_url': 'http://www.facebook.com', 'author_url': 'http://facebook.com/36451792046', 'width': 600, 'thumbnail_width': 227, 'thumbnail_height': 128, 'height': 338, 'description': 'Watch our Open Practice live!', 'title': 'Atlanta Hawks - Watch our Open Practice live! | Facebook', 'thumbnail_url': 'https://scontent.xx.fbcdn.net/v/t15.0-10/p128x128/14510744_10153747363437047_5228743080785477632_n.jpg?oh=40001915c740814fc91fa365bafeba23&oe=58643C16', 'html': '<iframe class=""embedly-embed"" src=""//cdn.embedly.com/widgets/media.html?src=https%3A%2F%2Fwww.facebook.com%2Fvideo%2Fembed%3Fvideo_id%3D10153747363217047&url=https%3A%2F%2Fwww.facebook.com%2Fhawks%2Fvideos%2F10153747363217047%2F&image=https%3A%2F%2Fscontent.xx.fbcdn.net%2Fv%2Ft15.0-10%2Fp128x128%2F14510744_10153747363437047_5228743080785477632_n.jpg%3Foh%3D40001915c740814fc91fa365bafeba23%26oe%3D58643C16&key=2aa3c4d5f3de4f5b9120b660ad850dc9&type=text%2Fhtml&schema=facebook"" width=""600"" height=""338"" scrolling=""no"" frameborder=""0"" allowfullscreen></iframe>', 'provider_name': 'Facebook', 'type': 'video', 'author_name': 'Atlanta Hawks', 'version': '1.0'}}",0.0,10.0,6.0,6.0,0.0,/r/AtlantaHawks/comments/55ddfy/hawks_scrimmage_is_live/,13.0,0.0,atlantahawks,1.0,Hawks Scrimmage is Live,atlantahawks/2016/2016-10-01/atlantahawks_2016-10-01_55ddfy.xml,2016.0,corpus_atlantahawks_2016.0-10.0.xml,atlantahawks_2016-10,0,529,88.16666666666667,39,6.5,529,75.57142857142857
3,55eh6b,celticsbig4,2016-10-01,self.bostonceltics,0.0,2017-01-09,0.0,,1.0,10.0,22.0,22.0,0.0,/r/bostonceltics/comments/55eh6b/a_look_at_smarts_new_shooting_form/,66.0,0.0,bostonceltics,1.0,A look at Smart's new shooting form,bostonceltics/2016/2016-10-01/bostonceltics_2016-10-01_55eh6b.xml,2016.0,corpus_bostonceltics_2016.0-10.0.xml,bostonceltics_2016-10,72,684,31.09090909090909,56,2.5454545454545454,756,32.869565217391305
4,55d1oi,RonFucking_Swanson,2016-10-01,bostonglobe.com,0.0,2017-01-09,0.0,,0.0,10.0,10.0,10.0,0.0,/r/bostonceltics/comments/55d1oi/himmelsbach_the_enduring_bond_between_kevin/,59.0,0.0,bostonceltics,1.0,[Himmelsbach] The enduring bond between Kevin Garnett & Celtics strength coach Bryan Doo,bostonceltics/2016/2016-10-01/bostonceltics_2016-10-01_55d1oi.xml,2016.0,corpus_bostonceltics_2016.0-10.0.xml,bostonceltics_2016-10,0,996,99.6,106,10.6,996,90.54545454545455
5,55cuyb,mattycblazah,2016-10-01,self.bostonceltics,0.0,2017-01-09,0.0,,1.0,10.0,3.0,3.0,0.0,/r/bostonceltics/comments/55cuyb/any_footage_of_last_nights_scrimmage_anywhere/,11.0,0.0,bostonceltics,1.0,Any footage of last night's scrimmage anywhere?,bostonceltics/2016/2016-10-01/bostonceltics_2016-10-01_55cuyb.xml,2016.0,corpus_bostonceltics_2016.0-10.0.xml,bostonceltics_2016-10,1,19,6.333333333333333,3,1.0,20,5.0
6,55cavu,6FanForever,2016-10-01,self.bostonceltics,0.0,2017-01-09,0.0,,1.0,10.0,16.0,16.0,0.0,/r/bostonceltics/comments/55cavu/likely_or_unlikely_2_jordan_mickey_becomes_a/,8.0,0.0,bostonceltics,1.0,Likely or Unlikely #2: Jordan Mickey becomes a rotation player?,bostonceltics/2016/2016-10-01/bostonceltics_2016-10-01_55cavu.xml,2016.0,corpus_bostonceltics_2016.0-10.0.xml,bostonceltics_2016-10,55,499,31.1875,37,2.3125,554,32.588235294117645
7,55c0s0,pobo90,2016-10-01,self.bostonceltics,0.0,2017-01-09,0.0,,1.0,10.0,19.0,19.0,0.0,/r/bostonceltics/comments/55c0s0/james_young/,2.0,0.0,bostonceltics,1.0,James Young,bostonceltics/2016/2016-10-01/bostonceltics_2016-10-01_55c0s0.xml,2016.0,corpus_bostonceltics_2016.0-10.0.xml,bostonceltics_2016-10,16,431,22.68421052631579,34,1.7894736842105263,447,22.35
8,55evpu,dank-kush,2016-10-01,twitter.com,0.0,2017-01-09,0.0,,0.0,10.0,2.0,2.0,0.0,/r/CharlotteHornets/comments/55evpu/kemba_cleared_for_full_contact_practice/,17.0,0.0,charlottehornets,1.0,Kemba cleared for full contact practice,charlottehornets/2016/2016-10-01/charlottehornets_2016-10-01_55evpu.xml,2016.0,corpus_charlottehornets_2016.0-10.0.xml,charlottehornets_2016-10,0,49,24.5,3,1.5,49,16.333333333333332
9,55fpvs,hoodsiecup,2016-10-02,self.bostonceltics,0.0,2017-01-09,0.0,,1.0,10.0,13.0,13.0,0.0,/r/bostonceltics/comments/55fpvs/kudos_to_the_cs_red_sox_ceremony/,47.0,0.0,bostonceltics,1.0,Kudos to the C's (Red Sox ceremony),bostonceltics/2016/2016-10-02/bostonceltics_2016-10-02_55fpvs.xml,2016.0,corpus_bostonceltics_2016.0-10.0.xml,bostonceltics_2016-10,98,215,16.53846153846154,20,1.5384615384615385,313,22.357142857142858
10,55fjvu,pokersquirrel,2016-10-02,self.bostonceltics,0.0,2017-01-09,0.0,,1.0,10.0,10.0,10.0,0.0,/r/bostonceltics/comments/55fjvu/parallels_between_chauncyripsheed_pistons_current/,8.0,0.0,bostonceltics,1.0,Parallels between Chauncy/Rip/Sheed Pistons & Current C's.,bostonceltics/2016/2016-10-02/bostonceltics_2016-10-02_55fjvu.xml,2016.0,corpus_bostonceltics_2016.0-10.0.xml,bostonceltics_2016-10,36,368,36.8,26,2.6,404,36.72727272727273
